1|이노베이터|창의적인 삶으로 나아간 천재들의 비밀|월터 아이작슨|innovator.jpg|42000|<b>초특급 베스트셀러 『스티브 잡스』에 이은 월터 아이작슨의 놀라운 역작!\r\n최초의 컴퓨터에서 트위터와 페이스북까지,\r\n디지털 혁명을 선도한 창의적인 천재들의 이야기</b>\r\n\r\n국내에서만 70만 부가 판매된 세계적인 베스트셀러 『스티브 잡스』의 저자 월터 아이작슨이 10년을 준비한 역작, 『이노베이터』가 돌아왔다. 세상을 바꾸는 혁명을 일궈낸 창의적인 천재들의 이야기를 담고 있는 이 책은 ‘반짝이는 아이디어는 어떤 과정을 통해 구체화 되는가? 시대를 앞서간 기술들은 어떻게 만들어지는가? 이런 혁신적인 생각을 하는 사람들은 무엇이 다른가?’라는 질문에서 시작되었다.\r\n\r\n세계에서 가장 영향력 있는 100인에 선정된 월터 아이작슨은 「타임」의 전 편집장이자 밀리언셀러 전기 작가답게 19세기부터 컴퓨터, 마이크로칩, 인터넷 등 디지털 혁명을 이끈 수많은 혁신가의 이야기를 한편의 대하드라마로 엮어 완성했다. 세계 최초의 프로그래머로 알려진 에이다 러브레이스의 이야기부터 시작해 컴퓨터 과학과 인공지능의 아버지라 불리는 앨런 튜링, 인텔의 로버트 노이스, 마이크로소프트의 빌 게이츠, 애플의 스티브 워즈니악과 스티브 잡스, 구글의 래리 페이지까지 디지털 혁명을 이끈 주역들의 일대기를 세밀한 자료 조사를 통해 생생하게 전달해 준다.\r\n\r\n이 책은 다가올 시대의 흐름을 빠르게 읽고, 나아가 새로운 비즈니스 기회를 모색하는 이들에게는 가장 지혜로운 길라잡이가 되어줄 것이며, 불확실성이 지배하는 미래에 대한 두려움을 극복하고 이노베이터로 거듭나는 비밀이 궁금한 사람들에게는 새롭고 분명한 해답을 줄 것이다.|5
2|모비 딕| |허먼 멜빌|mobydick.jpg|50000|<b>피쿼드호의 선장 에이해브, 복수를 위해 거대한 고래 모비 딕을 찾아 대추격하다!</b>\r\n\r\n모험과 도전을 사랑하는 이스마엘은 미국 낸터킷에 가서 고래잡이배, 피쿼드호에 타게 돼요. 그 배의 선장인 에이해브는 고래 사냥을 하던 중 거대한 고래, 모비 딕에게 한쪽 다리를 잃고 의족을 달았어요. 그때부터 선장은 고래를 잡아 고래기름을 모으는 것보다 모비 딕을 찾는 일을 더 열심히 해요. 복수를 하기 위해서지요. 그는 날마다 선실에 틀어박혀서 바다의 지도를 보면서 모비 딕이 지나갈 만한 곳을 찾아요. 고래들이 좋아하는 풍부한 먹잇감이 있는 곳을 찾고, 다른 배를 만날 때마다 그 배의 선장에게 모비 딕을 봤는지 묻지요. 이스마엘은 선장의 복수심과 집착, 또한 그 끈질김과 도전 정신에 놀라고 감탄해요.\r\n\r\n그러다 어느 날 진짜로 모비 딕을 만나게 되고, 선장은 네 대의 보트로 모비 딕을 둘러싸고 작살을 던져 공격해요. 하지만 거대한 모비 딕은 당하고만 있지 않고 반격을 하지요. 이스마엘은 고래는 잡아야 할 대상이지만 또한 너무나 신비롭고 아름다운 존재라고 생각해요. 그러한 존재를 한낱 등을 밝히는 고래기름을 위해 죽여야 한다니 안타깝다고도 생각하지요. 하지만 에이해브 선장은 끝없는 복수를 꿈꿔요. 삼 일에 걸쳐 모비 딕을 추격하면서 선장은 자신의 모든 것을 걸지요.\r\n\r\n이 책에는 고래잡이배 선원들의 일과와 고래 사냥에 대한 상세하고 실감 나는 묘사들도 가득해요. 드넓은 바다에서 고래를 어떻게 발견하고, 어떻게 작은 노 젓는 보트를 타고 작살로 고래를 잡는지, 고래를 잡은 뒤에는 밧줄로 어떻게 그 큰 고래를 손질하는지, 작살잡이와 항해사들은 어떤 역할을 하는지에 대한 흥미진진한 이야기도 즐겨 보세요|5
3|코스모스|특별판|칼 세이건|cosmos.jpg|50000|전 세계 60개국에 방송되어 6억 시청자를 감동시킨 텔레비전 교양 프로그램을 책으로 옮긴 칼 세이건(Carl Sagan)의 『코스모스(Cosmos)』. 현대 천문학을 대표하는 저명한 과학자인 칼 세이건은 이 책에서 사람들의 상상력을 사로잡고, 난해한 개념을 명쾌하게 해설하는 놀라운 능력을 마음껏 발휘한다. 그는 에라토스테네스, 데모크리토스, 히파티아, 케플러, 갈릴레오, 뉴턴, 다윈 같은 과학의 탐험가들이 개척해 놓은 길을 따라가며 과거, 현재, 미래의 과학이 이뤘고, 이루고 있으며, 앞으로 이룰 성과들을 알기 쉽게 풀이해 들려준다. \r\n\r\n이 책은 모두 13개장으로 구성되어 있다. 칼 세이건은 이 책에서 10조 개의 별들을 품고 있는 은하가 10조 개 있는 광막한 대우주의 세계에서 은하수 은하의 변방, 자그마한 노란색 별 태양이 이끄는 태양계의 한구석에서 창백하게 빛나는 지구에 이르기까지 코스모스에 대해 우리 인류가 알게 된 것들, 알게 된 과정들, 그리고 알아 갈 것들을 소개하고 그것이 궁극적으로 우리 자신을 알기 위한 것임을 설득력 있게 보여 준다. 코스모스 특별판은 수록 이미지가 흑백으로 실려 있다|5
4|총, 균, 쇠|인간사회의 운명을 바꾼 힘|제럴드 다이어몬드|ggs.jpg|26820|문명의 생성과 번영의 수수께끼를 밝힌 세계적 명저\r\n\r\n마침내 만나는 출간 25년 기념 뉴에디션!\r\n\r\n학문의 경계를 넘나드는 세계적 석학 제레드 다이아몬드. 인류 문명에 대한 예리한 통찰을 전해온 그의 대표작이자 1998년 퓰리처상 수상작 《총, 균, 쇠》를 새 번역, 새 편집으로 만난다. 왜 어떤 국가는 부유하고 어떤 국가는 가난한가? 왜 어떤 민족은 다른 민족의 정복과 지배의 대상이 되었는가? 생물학, 지리학, 인류학, 역사학 등 다양한 학문의 융합을 통해 장대한 인류사를 풀어내며 오늘날 현대 세계가 불평등한 원인을 종합 규명한 혁신적 저작. 출간 25년 기념 뉴에디션에는 2023년 저자 특별서문과 서울대 인류학과 박한선 교수의 해제, 새 서문과 후기를 수록해 풍성한 읽을거리를 더했다.|5
5|세계대전 Z| |맥스 브룩스|worldwarz.jpg|13800|가상의 전염병이 불러온 대재난을 인터뷰라는 기상천외한 방식으로 풀어낸 소설 『세계 대전 Z』. 출간 즉시 《뉴욕타임스》, 《USA투데이》, 미국 인터넷 서점 Amazon.com의 종합 베스트셀러 1위를 기록하고, 전 세계 10여 개국에 판권이 판매되는 등 폭발적인 인기를 얻고 있는 작품이다.\r\n\r\n미국 서점에서 하나의 독립 장르로 구분될 만큼 인기를 얻고 있는 좀비 장르이면서도, 재난에 대처하는 인류의 생존 보고서 형식을 띠고 있는 『세계 대전 Z』는 정치, 군사, 국제 관계, 구조 등에 관한 전문 지식을 밑바탕으로 현장감 넘치는 묘사와 흡인력 있는 구성을 지니고 있다. 저자 맥스 브룩스는 다큐멘터리의 특수성을 살려 국가 권력자와 군부를 신랄하게 풍자하고, 위기의 순간에 다양한 인간군상을 등장시킨다.\r\n\r\n배우 브래드 피트와 레오나르도 디카프리오가 영화 판권을 놓고 대립했을 만큼 할리우드에서 주목받기도 하였으며, 결국 브래드 피트가 주연한 영화 『월드워 Z』가 2013년 개봉을 기다리고 있다.|5
6|도구와 기계의 원리 NOW||데이비드 맥클레이|tools.jpg|38000|<b>고대부터 현재까지 역사와 함께 등장한\r\n수백 가지 도구와 기계를 총망라한 백과사전</b>\r\n\r\n보스턴 글로브-혼 북 논픽션 분야 최우수 도서상, 영국 더 타임즈 교육 분야 최우수 도서상, COPUS 과학 도서상, 각종 과학 도서상 수상, 전 세계에서 28년간 판매된 초대형 베스트셀러. 국내에도 소개되어 화제가 되었던 『도구와 기계의 원리』가 최첨단 기술과 기계들을 업데이트하여 개정판 『도구와 기계의 원리 NOW』로 돌아왔다. 개정판에는 스마트폰, LCD 스크린, 전자 종이, 3D 프린터, 쿼드콥터(드론) 등 최신 기계들이 새롭게 소개된다. 모든 도구와 기계들이 그림으로 이해하기 쉽게 표현되어 있기 때문에 호기심 많은 어린아이부터 과학도를 꿈꾸는 청소년과 전공자, 기계를 좋아하는 어른에 이르기까지 전 연령이 함께 보는 책으로 손색이 없다.\r\n\r\n고대부터 사용하던 지레, 쟁기를 시작으로, 풍차, 자동차, 컴퓨터, WI-FI, 전기 기타, 로봇, 우주 탐사선, 가상 현실에 이르기까지 우리 삶을 변화시킨 수백 가지의 도구와 기계를 총망라한 한 권의 백과사전이다. 지레와 유압 사다리 그리고 치과용 드릴과 풍차, 이들 사이에는 어떤 관련이 있을까? 이 책은 기계가 움직이는 근본 원리를 설명하고 원리가 적용된 다양한 도구와 기계들을 그림으로 보여준다. 이 책엔 더욱 발전된 삶의 모습을 추구했던 인간의 열망과 그 결과물이 생생하게 담겨있다. 운동의 법칙을 증명해 내고, 공기와 물과 같은 자연력을 이용하여 기계를 개발하고, 바야흐로 디지털 세상을 연 시대의 산물이 펼쳐진다. 인류의 역사와 함께 등장했던 다양한 도구와 기계들을 보며 우리 생활의 과거와 현재, 그리고 미래를 그려볼 수 있는 정말 매력적인 책이다.|5
7|거의 모든것의 역사||빌 브라이슨|history.jpg|25000|<b>가장 유머러스한 과학 작가, 빌 브라이슨의 『거의 모든 것의 역사』\r\n오늘의 과학 지식을 반영한, 새로운 디자인의 개역판 출시<b>\r\n\r\n</b>‘현존하는 가장 유머러스한 작가’라는 평을 듣는 빌 브라이슨은 3년에 걸쳐 과학에 관한 방대하고 집요한 정보 수집과 학습을 통해 결코 지루하지 않은 과학교양서를 탄생시켰다. 『거의 모든 것의 역사』은 우리가 왜 우주와 지구의 역사를 알고 싶어하고, 생물과 인류의 역사를 알고 싶어하는가에서 시작해서, 우리가 살고 있는 우주와 지구는 어떤 모습이고, 생물과 사람은 어떻게 살아가는가에 대한, 우리가 그동안 과학에 대해서 알고 싶어했던 그야말로 ‘거의 모든 것’에 대한 이야기를 담고 있다.\r\n\r\n이 책은 우리 은하, 태양계의 거대 세계로부터 소립자, 세포 등의 미시 세계 및 인류 문명의 기원과 그 기반이 되는 지구 그리고 다윈, 뉴턴, 아인슈타인, 호킹 등을 비롯하여 여러 과학자들의 이론까지 섭렵하면서도 어려운 도표나 수식 없이 누구나 쉽게 이해할 수 있도록 짜임새 있게 설명한다. 이번 개정판은 빠르게 발전하는 현대 과학의 새로운 지식을 반영하고 이전의 번역을 새롭게 다듬어 출간하였다.|5
8|아메리칸 프로메테우스||카이 버드|american.jpg|25000|<b>2005년 전미 도서 비평가 협회상 수상\r\n2006년 퓰리처 상 수상\r\n2010년 APCTP 올해의 과학 도서\r\n2011년 한국과학창의재단 우수 과학 도서\r\n2023년 개봉작 [오펜하이머] 원작</b>\r\n\r\n[테넷], [덩케르크], [인터스텔라], [메멘토]……. 스크린 너머로 긴장을 늦출 수 없는 작품들을 선보여 온 거장 감독 크리스토퍼 놀란의 최신작 [오펜하이머(Oppenheimer)]가 올여름 개봉 예정이다. 북미 개봉(2023년 7월 21일)을 앞두고 6월 1일 공개된 비하인드더신 영상에서 그가 “상상할 수 있는 가장 큰 이야기”라고 표현한 [오펜하이머]는 1억 달러라는 제작비나 주연 킬리언 머피, 조연 [아이언 맨] 로버트 다우니 주니어 등의 화려한 출연진, 아이맥스 포맷 전용 영화, CGI에 의존하지 않은 핵 폭발 장면 촬영 등의 화제를 불러모으고 있다. 첫 번째 트레일러 영상이 공개된 직후 나온 2022년 12월 18일자 《버라이어티》 기사에 따르면 영화는 퓰리처 상 수상작 『아메리칸 프로메테우스: 로버트 오펜하이머 평전(American Prometheus: The Triumph and Tragedy of J. Robert Oppenheimer)』을 기반으로 하고 있다. 말 그대로 현대사의 가장 극적인 순간, 사건, 인물을 다루고 있는 것이다.\r\n\r\n이번에 ㈜사이언스북스에서 나온 『아메리칸 프로메테우스』(특별판)는 오펜하이머 일대기의 결정판 『아메리칸 프로메테우스』를 영화 개봉에 앞서 우리 독자들에게 더욱 널리 소개하고자 페이지를 압축하고 무게를 가볍게 했으며 정가를 낮춘 특별판이다. 2023년 6월 14일부터 개최되는 서울 국제 도서전에 참가하는 민음사 출판 그룹의 부스에서 선행 판매의 형식으로 가장 먼저 선보일 예정이다.|5
9|반지의 제왕 1|반지원정대|J.R.R 톨킨|fellowship.jpg|25000|<b>가운데땅 역사상\r\n가장 스펙터클한 원정이 시작되다!\r\n\r\n전 세계 1억 부 판매 신화!\r\n아마존 독자 선정 세기 최고의 도서!\r\n[해리 포터], [리그 오브 레전드] 세계관의 원류!\r\n\r\n현대문학을 대표하는 천재적인 작품!\r\n20세기 판타지 문학의 걸작 『반지의 제왕』, 새롭게 태어나다!\r\n국내 최초 60주년판 완역 전면 개정!</b>\r\n\r\n모든 힘을 지배할 절대반지를 갖게 된 호빗 ‘프로도’가 악의 세력을 물리치고 절대반지를 파괴하기 위해 목숨을 건 여정을 떠나는 판타지 서사 『반지의 제왕(Part1 반지 원정대)』(전 3권) 1권이 북이십일 아르테에서 출간되었다.\r\n\r\n『반지의 제왕』이 처음 세상에 나온 것은 1954년이다. 톨킨은 쇄를 거듭할 때마다 수정을 진행했고 독자들은 변경된 내용을 기록하면서 책의 완성도를 높여나갔다. 2004년 하퍼콜린스에서 출간된 50주년 기념판의 서문에서 편집자는 초판에 비해 300~400개의 수정이 이루어졌다고 밝혔다. 2014년에 출간된 60주년 기념판은 크리스토퍼 톨킨이 편집에 참여하여 추가적인 수정과 개정을 진행하였고, 1954년 초판 당시 톨킨이 디자인한 표지로 출간되었다.\r\n\r\n국내에서 『반지의 제왕』은 1991년 세 역자의 ‘의기투합’으로 출간되었다. 이후 완전히 절판되기까지 몇 번의 개정과 수정이 이루어졌다. 그러나 기존판 독자들이 접했던 텍스트는 1991년 이전 버전으로 해외 최신판에 추가된 수많은 수정과 개정 내용을 거의 반영하지 못했다. 또한 톨킨의 번역지침에 대한 이해가 부족했던 초기의 번역이 대부분 유지되거나 충분한 논의를 거치지 못한 채 수정되어 많은 톨킨 독자들이 아쉬움을 느껴 왔다.\r\n\r\n2021년 새롭게 출간된 『반지의 제왕』은 이러한 문제를 해결하기 위해 국내 최초로 60주년판 전면 완역을 거쳤다. 기존 번역에서 문제가 되었던 부분과 누락된 부분, 새롭게 고쳐진 개정 내용 등을 모두 반영하였고, 톨킨 번역지침에 따라 고유명사와 요정어의 번역을 다듬었다. 이런 노력을 거친 끝에 500여 개의 번역용어가 새롭게 만들어졌고, 인물 간의 말투, 어미, 존대법 등 세세한 부분까지 치열한 토론을 거쳐 수정이 이루어졌다.|5
10|반지의 제왕 2|두 개의 탑|J.R.R 톨킨|twotowers.jpg|25000|<b>절대반지를 파괴하기 위해\r\n" + //모르도르로 향하는 두 호빗!\r\n\r\n전 세계 1억 부 판매 신화!\r\n아마존 독자 선정 세기 최고의 도서!\r\n[해리 포터], [리그 오브 레전드] 세계관의 원류!\r\n\r\n현대문학을 대표하는 천재적인 작품!\r\n20세기 판타지 문학의 걸작 『반지의 제왕』, 새롭게 태어나다!\r\n국내 최초 60주년판 완역 전면 개정!</b>\r\n\r\n모든 힘을 지배할 절대반지를 갖게 된 호빗 ‘프로도’가 악의 세력을 물리치고 절대반지를 파괴하기 위해 목숨을 건 여정을 떠나는 판타지 서사 『반지의 제왕(Part2 두 개의 탑)』(전 3권) 2권이 아르테에서 출간되었다.\r\n\r\n『반지의 제왕』이 처음 세상에 나온 것은 1954년이다. 톨킨은 쇄를 거듭할 때마다 수정을 진행했고 독자들은 변경된 내용을 기록하면서 책의 완성도를 높여나갔다. 2004년 하퍼콜린스에서 출간된 50주년 기념판의 서문에서 편집자는 초판에 비해 300~400개의 수정이 이루어졌다고 밝혔다. 2014년에 출간된 60주년 기념판은 크리스토퍼 톨킨이 편집에 참여하여 추가적인 수정과 개정을 진행하였고, 1954년 초판 당시 톨킨이 디자인한 표지로 출간되었다.\r\n\r\n국내에서 『반지의 제왕』은 1991년 세 역자의 ‘의기투합’으로 출간되었다. 이후 완전히 절판되기까지 몇 번의 개정과 수정이 이루어졌다. 그러나 기존판 독자들이 접했던 텍스트는 1991년 이전 버전으로 해외 최신판에 추가된 수많은 수정과 개정 내용을 거의 반영하지 못했다. 또한 톨킨의 번역지침에 대한 이해가 부족했던 초기의 번역이 대부분 유지되거나 충분한 논의를 거치지 못한 채 수정되어 많은 톨킨 독자들이 아쉬움을 느껴 왔다.\r\n\r\n\2021년 새롭게 출간된 『반지의 제왕』은 이러한 문제를 해결하기 위해 국내 최초로 60주년판 전면 완역을 거쳤다. 기존 번역에서 문제가 되었던 부분과 누락된 부분, 새롭게 고쳐진 개정 내용 등을 모두 반영하였고, 톨킨 번역지침에 따라 고유명사와 요정어의 번역을 다듬었다. 이런 노력을 거친 끝에 500여 개의 번역용어가 새롭게 만들어졌고, 인물 간의 말투, 어미, 존대법 등 세세한 부분까지 치열한 토론을 거쳐 수정이 이루어졌다.|5
11|반지의 제왕 3|왕의 귀환|J.R.R 톨킨|returnoftheking.jpg|25000|<b>가운데땅의 운명이 걸린\r\n" + //최후의 전쟁이 시작되다!\r\n\r\n전 세계 1억 부 판매 신화!\r\n아마존 독자 선정 세기 최고의 도서!\r\n[해리 포터], [리그 오브 레전드] 세계관의 원류!\r\n\r\n현대문학을 대표하는 천재적인 작품!\r\n20세기 판타지 문학의 걸작 『반지의 제왕』, 새롭게 태어나다!\r\n국내 최초 60주년판 완역 전면 개정!</b>\r\n\r\n모든 힘을 지배할 절대반지를 갖게 된 호빗 ‘프로도’가 악의 세력을 물리치고 절대반지를 파괴하기 위해 목숨을 건 여정을 떠나는 판타지 서사 『반지의 제왕(Part3 왕의 귀환)』(전 3권) 3권이 아르테에서 출간되었다.\r\n\r\n『반지의 제왕』이 처음 세상에 나온 것은 1954년이다. 톨킨은 쇄를 거듭할 때마다 수정을 진행했고 독자들은 변경된 내용을 기록하면서 책의 완성도를 높여나갔다. 2004년 하퍼콜린스에서 출간된 50주년 기념판의 서문에서 편집자는 초판에 비해 300~400개의 수정이 이루어졌다고 밝혔다. 2014년에 출간된 60주년 기념판은 크리스토퍼 톨킨이 편집에 참여하여 추가적인 수정과 개정을 진행하였고, 1954년 초판 당시 톨킨이 디자인한 표지로 출간되었다.\r\n\r\n국내에서 『반지의 제왕』은 1991년 세 역자의 ‘의기투합’으로 출간되었다. 이후 완전히 절판되기까지 몇 번의 개정과 수정이 이루어졌다. 그러나 기존판 독자들이 접했던 텍스트는 1991년 이전 버전으로 해외 최신판에 추가된 수많은 수정과 개정 내용을 거의 반영하지 못했다. 또한 톨킨의 번역지침에 대한 이해가 부족했던 초기의 번역이 대부분 유지되거나 충분한 논의를 거치지 못한 채 수정되어 많은 톨킨 독자들이 아쉬움을 느껴 왔다.\r\n\r\n2021년 새롭게 출간된 『반지의 제왕』은 이러한 문제를 해결하기 위해 국내 최초로 60주년판 전면 완역을 거쳤다. 기존 번역에서 문제가 되었던 부분과 누락된 부분, 새롭게 고쳐진 개정 내용 등을 모두 반영하였고, 톨킨 번역지침에 따라 고유명사와 요정어의 번역을 다듬었다. 이런 노력을 거친 끝에 500여 개의 번역용어가 새롭게 만들어졌고, 인물 간의 말투, 어미, 존대법 등 세세한 부분까지 치열한 토론을 거쳐 수정이 이루어졌다.|5
12|만들어진 신| |신은 과연 인간을 창조했는가?|리처드 도킨스|thegod.jpg|25000|<b>신의 존재를 의심하라, 인간의 능력을 주목하라!\r\n신이라는 이름 뒤에 가려진 인간의 본성과 가치를 탐색하는 세기의 문제작</b>\r\n\r\n전세계 과학과 종교계에 파란을 일으킨 『이기적 유전자』의 저자 리처드 도킨스의 최신작이 출간되었다. 도킨슨는 이 책에서 수많은 과학적 논증을 펼치며 신이 없음을 입증하고, 오히려 신을 믿음으로써 벌어진 참혹한 전쟁과 기아 그리고 빈곤 문제들을 일깨운다.\r\n\r\n'신에 대한 부정은 도덕적 타락이 아니라 인간 본연의 가치인 진정한 사랑을 찾는 일이다. 신이 없어도 인간은 충분히 열정적이고 영적일 수 있다'고 주장하는 그는, 이 책을 통해 이제껏 신의 이름 뒤에 가려진 인간의 참모습을 제시하고 나아가 독자로 하여금 인간에 대한 새로운 믿음을 갖도록 이끈다.|5
13|창백한 푸른 점| |칼 세이건|pale.jpg|33000|인류의 위기 극복과 우주 시대의 실현을 위한 폭넓고 힘찬 메시지. 『창백한 푸른 점』은 보이저 호가 찍어 보낸 사진 속의 지구이다. 그 작은 점을 대하면 누구라도 인간이 이 우주에서 특권적인 지위를 누리는 유인한 존재라는 환상이 헛됨을 깨닫게 된다. 거의 모든 페이지에 걸쳐 있는, 20세기 천문학의 성과를 거의 모두 담고 있다고 할 만한 사진들과 그림 또한 그것만으로도 가슴 벅찬 감동을 줄 것이다.|5
14|2차세계대전사| |존 키건|worldwar2.jpg|32000|<b>세계적인 전쟁사학자 존 키건이 정리한 2차세계대전사에 관한 가장 중요한 저작!</b>\r\n\r\n전세계 인구의 5분의 4를 끌어들인, 인류 역사상 최대 규모의 전쟁, 2차세계대전.\r\n2차세계대전은 인간의 기술과 문화뿐 아니라 전세계의 정치적 지형도마저 바꿔버린 대사건이었다. 세계적인 전쟁사학자 존 키건은 2차세계대전이 테크놀러지와 인간에 어떤 영향을 미쳤는지 대담하면서도 세심하게 탐구하고 있다. 존 키건은 옥스포드 대학 출신으로 1960년부터 영국 샌드허스트 왕립 육군사관학교에서 26년 동안 전쟁사를 강의하고 1986년부터는 《데일리 텔리그라프》 국방 부문 대기자로 활약하면서 자그마치 20권이 넘는 책을 쓰거나 엮어낸 역사학계의 거목이자 군사사의 대가다. 장군들의 용병술 분석에 치중하는 기존의 전쟁사 서술을 뛰어넘어, 전쟁의 역사적 연원, 기술 변화가 전쟁에 미치는 영향, 지휘관이 고비마다 부딪히는 선택과 딜레마, 군인 개개인의 경험과 감정을 능란하게 서술하고 분석하는 것으로 높은 평가를 받고 있다.\r\n\r\n『2차세계대전사』에서 키건은 2차세계대전의 세세한 경과와 치밀한 분석을 적절한 분량으로 담아냈으며, 특히 효과적인 서술을 위해 전쟁을 세 개의 전역, 즉 유럽 서부전선, 동부전선, 태평양으로 나누고 이를 시기별로 살펴보고 있다. 전쟁의 성격을 변화시킨 크레타 공중전, 미드웨이 해전, 팔레즈 기갑전, 베를린 시가전, 오키나와 상륙전 등 다섯 개의 주요 전투를 중심으로 현대전의 독특한 양상에 대한 새로운 시각을 제시한다.\r\n\r\n『2차세계대전사』는 협소한 전투사에 매몰되지 않고 전쟁의 정치, 외교, 사회, 문화, 심리 등 다양한 측면을 고루 살펴보는 것이 특징이다. 새로운 무기와 전략을 개발하기 위해 연합국과 추축국의 지도자들이 벌이는 치열한 두뇌싸움이 흥미롭게 그려지고 있으며, 1941년의 히틀러, 1941～1943년의 도조, 1943년의 처칠, 스탈린, 루스벨트 등 각국의 지도자들이 당면했던 전략적 딜레마와 그들이 내린 결정이 개별 군인들에게 어떤 영향을 미쳤는지에 관해 세밀하게 분석했다. 탁월한 전투 묘사로 독자들에게 마치 전투가 벌어지는 현장에 와 있는 것 같은 생생한 현장감을 전해줄 뿐 아니라, 전쟁의 참상과 남겨진 이들의 고통마저도 느낄 수 있다.\r\n\r\n러시아 현대사를 전공한 옮긴이의 충실한 번역과 함께 600여 개의 옮긴이주를 실어서 다소 생소한 인물들과 역사적인 사건들에 대하여 독자들의 이해를 돕고자 했다. 전투의 양상을 한눈에 보여주는 지도와 전장을 포착한 흑백사진들은 당시의 분위기를 그대로 전해준다.|5